{"_step":399,"loss":0.24030573293566704,"epoch":99,"_wandb":{"runtime":1711},"learning_rate":1.3221175658192252e-08,"_timestamp":1.7447108179569778e+09,"_runtime":1709.561095951}