{"loss":0.030749810338020326,"_timestamp":1.7447026737798345e+09,"_wandb":{"runtime":1708},"_runtime":1706.243119172,"_step":399}