{"_timestamp":1.744702693827658e+09,"_runtime":1720.024691309,"_step":399,"_wandb":{"runtime":1722},"loss":11.31251604795456}