{"epoch":9,"step":389,"loss":0.26599994897842405,"_timestamp":1.7423142815346825e+09,"_runtime":10.801864369,"_step":389,"_wandb":{"runtime":26}}