{"step":389,"loss":0.24303069859743118,"_timestamp":1.742312206155352e+09,"_runtime":10.554311825,"_step":389,"_wandb":{"runtime":10},"epoch":9}