{"_runtime":11.413996673,"_step":399,"epoch":9,"step":389,"loss":0.00046758750058196086,"_timestamp":1.7423118046364262e+09,"_wandb":{"runtime":11}}