{"_timestamp":1.7423143198540711e+09,"_runtime":9.658291463,"_step":389,"epoch":9,"step":389,"loss":0.26170764565467836,"_wandb":{"runtime":14}}