{"epoch":9,"step":389,"loss":0.24005093723535537,"_timestamp":1.742313078003361e+09,"_runtime":11.018925453,"_step":389,"_wandb":{"runtime":11}}