{"step":389,"loss":0.2569566011428833,"_timestamp":1.7423142474192197e+09,"_wandb":{"runtime":12},"_runtime":12.044903586,"_step":389,"epoch":9}