{"learning_rate":1.3221175658192252e-08,"_timestamp":1.7447107170125105e+09,"_runtime":1690.686749006,"_step":399,"loss":0.40834209218621254,"_wandb":{"runtime":1693},"epoch":99}