{"_wandb":{"runtime":18},"_step":389,"epoch":9,"step":389,"loss":0.2458559289574623,"_timestamp":1.7424614558830223e+09,"_runtime":15.611013400000001}