{"step":389,"loss":0.22948781698942183,"_timestamp":1.742314365673705e+09,"_runtime":9.716738766,"_wandb":{"runtime":12},"_step":389,"epoch":9}